crop,crop_alias,pest,active_ingredient,formulation,dose_min_per_ha,dose_max_per_ha,dose_unit,water_min_l_ha,water_max_l_ha,phi_days,phi_required,allowed_growth_stages,max_applications,min_interval_days,moa_system,moa_group,verified,source_name,source_url,notes
Rice,Paddy,"Blast; Sheath blight",Kresoxim-methyl,44.3% SC,500,500,ml/ha,500,500,30,true,"vegetative;reproductive",3,,FRAC,11,true,"PPQS/CIB&RC verified label","https://ppqs.gov.in/sites/default/files/kresoxim-methyl_44.3_500_sc93frallis_india_limited_1.pdf","Existing tested KisanSaarthi rice use case"
Wheat,,"Aphid",Thiamethoxam,25% WG,50,50,g/ha,500,500,21,true,,,,IRAC,4A,true,"DPPQS/CIB&RC Major Uses of Pesticides","https://ppqs.gov.in/sites/default/files/mup_of_insecticides_up_to_01.02.2023.pdf","Foliar application"
Maize,,"Spotted stem borer; Pink stem borer",Chlorantraniliprole,18.5% SC,200,200,ml/ha,500,500,10,true,"vegetative;reproductive",,,IRAC,28,true,"PPQS Primary Package Label","https://ppqs.gov.in/sites/default/files/chlorantraniliprole_18.5_sc93ffmc_india_private_limited_1.pdf","Foliar spray at ETL"
Tomato,,"Fruit borer",Chlorantraniliprole,18.5% SC,150,150,ml/ha,500,500,3,true,"vegetative;reproductive",,,IRAC,28,true,"PPQS Primary Package Label","https://ppqs.gov.in/sites/default/files/chlorantraniliprole_18.5_sc93ffmc_india_private_limited_1.pdf","Foliar spray"
Chilli,,"Fruit borer",Chlorantraniliprole,18.5% SC,150,150,ml/ha,500,500,3,true,"vegetative;reproductive",,,IRAC,28,true,"PPQS Primary Package Label","https://ppqs.gov.in/sites/default/files/chlorantraniliprole_18.5_sc93ffmc_india_private_limited_1.pdf","Foliar spray"
Brinjal,,"Fruit and shoot borer",Chlorantraniliprole,18.5% SC,200,200,ml/ha,500,750,3,true,"vegetative;reproductive",2,,IRAC,28,true,"PPQS Primary Package Label","https://ppqs.gov.in/sites/default/files/chlorantraniliprole_18.5_sc93ffmc_india_private_limited_1.pdf","Use the exact primary-package-label PHI for this record"
Onion,,"Thrips",Fipronil,80% WG,75,75,g/ha,500,500,15,true,,,,IRAC,2B,true,"DPPQS/CIB&RC Major Uses of Pesticides","https://ppqs.gov.in/sites/default/files/mup_of_insecticides_up_to_01.02.2023.pdf","Foliar application"
Potato,,"Aphid",Thiamethoxam,25% WG,100,100,g/ha,500,500,77,true,,,,IRAC,4A,true,"DPPQS/CIB&RC Major Uses of Pesticides","https://ppqs.gov.in/sites/default/files/mup_of_insecticides_up_to_01.02.2023.pdf","Foliar application"
Okra,Bhindi,"Jassid; Aphid; Whitefly",Thiamethoxam,25% WG,100,100,g/ha,500,1000,5,true,,,,IRAC,4A,true,"DPPQS/CIB&RC Major Uses of Pesticides","https://ppqs.gov.in/sites/default/files/mup_of_insecticides_up_to_01.02.2023.pdf","Foliar application"
Cabbage,,"Diamond back moth",Chlorantraniliprole,18.5% SC,50,50,ml/ha,500,500,3,true,"vegetative;reproductive",,,IRAC,28,true,"PPQS Primary Package Label","https://ppqs.gov.in/sites/default/files/chlorantraniliprole_18.5_sc93ffmc_india_private_limited_1.pdf","Foliar spray"
Groundnut,,"White grub; Termite","Thiamethoxam + Fipronil","0.9% + 0.2% GR",12,15,kg/ha,,,106,true,"sowing",1,,IRAC,"4A+2B",true,"PPQS Primary Package Label","https://ppqs.gov.in/sites/default/files/thiamethoxam_0.9_fipronil_0.2_gr93fcrystal_crop_protection_ltd_1.pdf","Apply at sowing; broadcast granules as stated on label"
Chickpea,"Bengal gram","Pod borers",Chlorantraniliprole,18.5% SC,125,125,ml/ha,500,500,11,true,"vegetative;reproductive",,,IRAC,28,true,"PPQS Primary Package Label","https://ppqs.gov.in/sites/default/files/chlorantraniliprole_18.5_sc93ffmc_india_private_limited_1.pdf","Source crop name is Bengal gram"
Mustard,,"Aphid",Thiamethoxam,25% WG,50,100,g/ha,500,1000,21,true,,,,IRAC,4A,true,"DPPQS/CIB&RC Major Uses of Pesticides","https://ppqs.gov.in/sites/default/files/mup_of_insecticides_up_to_01.02.2023.pdf","Registered dose range retained"
Cotton,,"Jassid; Aphid; Thrips",Thiamethoxam,25% WG,100,100,g/ha,500,750,21,true,,,,IRAC,4A,true,"DPPQS/CIB&RC Major Uses of Pesticides","https://ppqs.gov.in/sites/default/files/mup_of_insecticides_up_to_01.02.2023.pdf","Foliar application"
Banana,,"Sigatoka",Bacillus subtilis,"1.50% Liquid Formulation",5000,5000,ml/ha,750,750,,false,"vegetative;reproductive",3,15,FRAC,BM02,true,"PPQS Primary Package Label","https://ppqs.gov.in/sites/default/files/bacillus_subtilis_1.50_liquid_formulation_t_stanes_bs-1_strain_accession_no._mtcc_25072_1.pdf","PHI not applicable for this bio-pesticide label; 2-3 applications at 15-day intervals"