crop,pest,active_ingredient,formulation,dose_min_per_hectare,dose_max_per_hectare,dose_unit,water_volume_l_per_ha,phi_days,source_document,source_page,source_url,source_date,verified,validation_reason,source_csv_row
Banana,Sigatoka leaf spot,Pyraclostrobin,20% WG,750,750,g,500,103,ipm_pop_banana_2022.pdf,51,https://ppqs.gov.in/sites/default/files/ipm_pop_for_banana_for_producing_quality_fruits_for_export.pdf,2022-01-01,1,ok,2
Banana,Leaf spot,Pyraclostrobin + Epoxiconazole,133 g/L + 50 g/L SE,750,750,ml,500,24,ipm_pop_banana_2022.pdf,51,https://ppqs.gov.in/sites/default/files/ipm_pop_for_banana_for_producing_quality_fruits_for_export.pdf,2022-01-01,1,ok,3
Rice,Blast; Sheath blight,Kresoxim-methyl,44.3% w/w (500 g/L) SC,500,500,ml,500,30,kresoxim-methyl_44.3_500_sc93frallis_india_limited_1.pdf,14,https://ppqs.gov.in/sites/default/files/kresoxim-methyl_44.3_500_sc93frallis_india_limited_1.pdf,,1,ok,4
Wheat,Rust; Leaf blight,Kresoxim-methyl,44.3% w/w (500 g/L) SC,500,500,ml,500,34,kresoxim-methyl_44.3_500_sc93frallis_india_limited_1.pdf,14,https://ppqs.gov.in/sites/default/files/kresoxim-methyl_44.3_500_sc93frallis_india_limited_1.pdf,,1,ok,5
Maize,Turcicum leaf blight; Rust,Kresoxim-methyl,44.3% w/w (500 g/L) SC,500,500,ml,500,25,kresoxim-methyl_44.3_500_sc93frallis_india_limited_1.pdf,14,https://ppqs.gov.in/sites/default/files/kresoxim-methyl_44.3_500_sc93frallis_india_limited_1.pdf,,1,ok,6
Cotton,Leaf spot; Grey mildew,Kresoxim-methyl,44.3% w/w (500 g/L) SC,500,500,ml,500,26,kresoxim-methyl_44.3_500_sc93frallis_india_limited_1.pdf,14,https://ppqs.gov.in/sites/default/files/kresoxim-methyl_44.3_500_sc93frallis_india_limited_1.pdf,,1,ok,7
Tomato,Fruit borer,Lambda-cyhalothrin,4.9% CS,300,300,ml,500,5,lambda_cyhalothrin_4.9_cs_93f_syngenta_india_limited.pdf,8,https://ppqs.gov.in/sites/default/files/lambda_cyhalothrin_4.9_cs_93f_syngenta_india_limited.pdf,,1,ok,8
Chilli,Thrips & Pod borer,Lambda-cyhalothrin,4.9% CS,500,500,ml,500,5,lambda_cyhalothrin_4.9_cs_93f_syngenta_india_limited.pdf,8,https://ppqs.gov.in/sites/default/files/lambda_cyhalothrin_4.9_cs_93f_syngenta_india_limited.pdf,,1,ok,9
Brinjal,Shoot & fruit borer,Lambda-cyhalothrin,4.9% CS,300,300,ml,500,5,lambda_cyhalothrin_4.9_cs_93f_syngenta_india_limited.pdf,8,https://ppqs.gov.in/sites/default/files/lambda_cyhalothrin_4.9_cs_93f_syngenta_india_limited.pdf,,1,ok,10
Okra,Fruit borer,Lambda-cyhalothrin,4.9% CS,300,300,ml,500,5,lambda_cyhalothrin_4.9_cs_93f_syngenta_india_limited.pdf,8,https://ppqs.gov.in/sites/default/files/lambda_cyhalothrin_4.9_cs_93f_syngenta_india_limited.pdf,,1,ok,11
Onion,Annual grassy and broad-leaf weeds,Pendimethalin,38.7% CS,1500,1750,ml,500,104,pendimethalin_38.7_cs93fupl_limited_1.pdf,14,https://ppqs.gov.in/sites/default/files/pendimethalin_38.7_cs93fupl_limited_1.pdf,,1,ok,12
Potato,Late blight; Early blight,Kresoxim-methyl,44.3% w/w (500 g/L) SC,500,500,ml,500,23,kresoxim-methyl_44.3_500_sc93frallis_india_limited_1.pdf,14,https://ppqs.gov.in/sites/default/files/kresoxim-methyl_44.3_500_sc93frallis_india_limited_1.pdf,,1,ok,13
Cabbage,Diamondback moth,Spinosad,2.5% w/w SC,600,700,ml,500,3,spinosad_2.5_sc93fdow_agrosciences_india_p_ltd_1.pdf,11,https://ppqs.gov.in/sites/default/files/spinosad_2.5_sc93fdow_agrosciences_india_p_ltd_1.pdf,,1,ok,14
Groundnut,White grub; Termite,Thiamethoxam + Fipronil,0.9% + 0.2% GR,12,15,kg,,106,thiamethoxam_0.9_fipronil_0.2_gr93fcrystal_crop_protection_ltd_1.pdf,12,https://ppqs.gov.in/sites/default/files/thiamethoxam_0.9_fipronil_0.2_gr93fcrystal_crop_protection_ltd_1.pdf,,1,ok,15
Mustard,Downy mildew; White rust,Metalaxyl-M + Mancozeb,4% + 64% WP,2500,2500,g,1000,60,metalaxyl-m_4_mancozeb_64_wp93fsyngenta_india_limited_1.pdf,16,https://ppqs.gov.in/sites/default/files/metalaxyl-m_4_mancozeb_64_wp93fsyngenta_india_limited_1.pdf,,1,ok,16
Soybean,Rust,Kresoxim-methyl,44.3% w/w (500 g/L) SC,500,500,ml,500,43,kresoxim-methyl_44.3_500_sc93frallis_india_limited_1.pdf,14,https://ppqs.gov.in/sites/default/files/kresoxim-methyl_44.3_500_sc93frallis_india_limited_1.pdf,,1,ok,17
