crop,pest,active_ingredient,formulation,dose_min_per_hectare,dose_max_per_hectare,dose_unit,water_volume_l_per_ha,phi_days,source_document,source_page,source_url,source_date,verified
Banana,Sigatoka leaf spot,Pyraclostrobin,20% WG,750,750,g,500,103,ipm_pop_banana_2022.pdf,51,https://ppqs.gov.in/sites/default/files/ipm_pop_for_banana_for_producing_quality_fruits_for_export.pdf,2022-01-01,1
Banana,Leaf spot,Pyraclostrobin + Epoxiconazole,133 g/L + 50 g/L SE,750,750,ml,500,24,ipm_pop_banana_2022.pdf,51,https://ppqs.gov.in/sites/default/files/ipm_pop_for_banana_for_producing_quality_fruits_for_export.pdf,2022-01-01,1
Rice,Blast; Sheath blight,Kresoxim-methyl,44.3% w/w (500 g/L) SC,500,500,ml,500,30,kresoxim-methyl_44.3_500_sc93frallis_india_limited_1.pdf,14,https://ppqs.gov.in/sites/default/files/kresoxim-methyl_44.3_500_sc93frallis_india_limited_1.pdf,,1
Wheat,Rust; Leaf blight,Kresoxim-methyl,44.3% w/w (500 g/L) SC,500,500,ml,500,34,kresoxim-methyl_44.3_500_sc93frallis_india_limited_1.pdf,14,https://ppqs.gov.in/sites/default/files/kresoxim-methyl_44.3_500_sc93frallis_india_limited_1.pdf,,1
Maize,Turcicum leaf blight; Rust,Kresoxim-methyl,44.3% w/w (500 g/L) SC,500,500,ml,500,25,kresoxim-methyl_44.3_500_sc93frallis_india_limited_1.pdf,14,https://ppqs.gov.in/sites/default/files/kresoxim-methyl_44.3_500_sc93frallis_india_limited_1.pdf,,1
Cotton,Leaf spot; Grey mildew,Kresoxim-methyl,44.3% w/w (500 g/L) SC,500,500,ml,500,26,kresoxim-methyl_44.3_500_sc93frallis_india_limited_1.pdf,14,https://ppqs.gov.in/sites/default/files/kresoxim-methyl_44.3_500_sc93frallis_india_limited_1.pdf,,1
Tomato,Fruit borer,Lambda-cyhalothrin,4.9% CS,300,300,ml,500,5,lambda_cyhalothrin_4.9_cs_93f_syngenta_india_limited.pdf,8,https://ppqs.gov.in/sites/default/files/lambda_cyhalothrin_4.9_cs_93f_syngenta_india_limited.pdf,,1
Chilli,Thrips & Pod borer,Lambda-cyhalothrin,4.9% CS,500,500,ml,500,5,lambda_cyhalothrin_4.9_cs_93f_syngenta_india_limited.pdf,8,https://ppqs.gov.in/sites/default/files/lambda_cyhalothrin_4.9_cs_93f_syngenta_india_limited.pdf,,1
Brinjal,Shoot & fruit borer,Lambda-cyhalothrin,4.9% CS,300,300,ml,500,5,lambda_cyhalothrin_4.9_cs_93f_syngenta_india_limited.pdf,8,https://ppqs.gov.in/sites/default/files/lambda_cyhalothrin_4.9_cs_93f_syngenta_india_limited.pdf,,1
Okra,Fruit borer,Lambda-cyhalothrin,4.9% CS,300,300,ml,500,5,lambda_cyhalothrin_4.9_cs_93f_syngenta_india_limited.pdf,8,https://ppqs.gov.in/sites/default/files/lambda_cyhalothrin_4.9_cs_93f_syngenta_india_limited.pdf,,1
