crop,pest,active_ingredient,framework,moa_group,moa_name,resistance_risk,rotation_recommended,verified,source_name,source_url,notes
Rice,Blast; Sheath blight,Kresoxim-methyl,FRAC,11,QoI fungicides,high,True,True,FRAC QoI Fungicides,https://www.frac.info/frac-teams/working-groups/qi-fungicides/qol-fungicides/,FRAC Group 11; cross-resistance occurs among Group 11 QoI fungicides.
Groundnut,White grub; Termite,Thiamethoxam,IRAC,4A,Neonicotinoids,managed,True,True,IRAC Mode of Action,https://irac-online.org/mode-of-action/,Thiamethoxam is IRAC Group 4A.
Groundnut,White grub; Termite,Fipronil,IRAC,2B,Phenylpyrazoles (Fiproles),managed,True,True,IRAC Mode of Action,https://irac-online.org/mode-of-action/,Fipronil is IRAC Group 2B.
Wheat,Aphid,Thiamethoxam,IRAC,4A,Neonicotinoids,managed,True,True,IRAC Mode of Action,https://irac-online.org/mode-of-action/,Thiamethoxam is classified in IRAC group 4A. KisanSaarthi uses the MoA group for resistance-rotation guidance.
Maize,Spotted stem borer; Pink stem borer,Chlorantraniliprole,IRAC,28,Ryanodine receptor modulators (Diamides),managed,True,True,IRAC Mode of Action,https://irac-online.org/mode-of-action/,Chlorantraniliprole is classified in IRAC group 28. KisanSaarthi uses the MoA group for resistance-rotation guidance.
Tomato,Fruit borer,Chlorantraniliprole,IRAC,28,Ryanodine receptor modulators (Diamides),managed,True,True,IRAC Mode of Action,https://irac-online.org/mode-of-action/,Chlorantraniliprole is classified in IRAC group 28. KisanSaarthi uses the MoA group for resistance-rotation guidance.
Chilli,Fruit borer,Chlorantraniliprole,IRAC,28,Ryanodine receptor modulators (Diamides),managed,True,True,IRAC Mode of Action,https://irac-online.org/mode-of-action/,Chlorantraniliprole is classified in IRAC group 28. KisanSaarthi uses the MoA group for resistance-rotation guidance.
Brinjal,Fruit and shoot borer,Chlorantraniliprole,IRAC,28,Ryanodine receptor modulators (Diamides),managed,True,True,IRAC Mode of Action,https://irac-online.org/mode-of-action/,Chlorantraniliprole is classified in IRAC group 28. KisanSaarthi uses the MoA group for resistance-rotation guidance.
Onion,Thrips,Fipronil,IRAC,2B,Phenylpyrazoles (Fiproles),managed,True,True,IRAC Mode of Action,https://irac-online.org/mode-of-action/,Fipronil is classified in IRAC group 2B. KisanSaarthi uses the MoA group for resistance-rotation guidance.
Potato,Aphid,Thiamethoxam,IRAC,4A,Neonicotinoids,managed,True,True,IRAC Mode of Action,https://irac-online.org/mode-of-action/,Thiamethoxam is classified in IRAC group 4A. KisanSaarthi uses the MoA group for resistance-rotation guidance.
Okra,Jassid; Aphid; Whitefly,Thiamethoxam,IRAC,4A,Neonicotinoids,managed,True,True,IRAC Mode of Action,https://irac-online.org/mode-of-action/,Thiamethoxam is classified in IRAC group 4A. KisanSaarthi uses the MoA group for resistance-rotation guidance.
Cabbage,Diamond back moth,Chlorantraniliprole,IRAC,28,Ryanodine receptor modulators (Diamides),managed,True,True,IRAC Mode of Action,https://irac-online.org/mode-of-action/,Chlorantraniliprole is classified in IRAC group 28. KisanSaarthi uses the MoA group for resistance-rotation guidance.
Chickpea,Pod borers,Chlorantraniliprole,IRAC,28,Ryanodine receptor modulators (Diamides),managed,True,True,IRAC Mode of Action,https://irac-online.org/mode-of-action/,Chlorantraniliprole is classified in IRAC group 28. KisanSaarthi uses the MoA group for resistance-rotation guidance.
Mustard,Aphid,Thiamethoxam,IRAC,4A,Neonicotinoids,managed,True,True,IRAC Mode of Action,https://irac-online.org/mode-of-action/,Thiamethoxam is classified in IRAC group 4A. KisanSaarthi uses the MoA group for resistance-rotation guidance.
Cotton,Jassid; Aphid; Thrips,Thiamethoxam,IRAC,4A,Neonicotinoids,managed,True,True,IRAC Mode of Action,https://irac-online.org/mode-of-action/,Thiamethoxam is classified in IRAC group 4A. KisanSaarthi uses the MoA group for resistance-rotation guidance.
